﻿<?xml version="1.0" encoding="utf-8"?>
<CallableObject guid="597eae06-af71-4caa-b906-3be7789776b8" name="GAM_GetCurrentAccountMenu" description="GAM_Get Current Account Menu" namespace="GeneXus.Security.Backend">
  <Signature name="parm">
    <Parameter name="ReturnValue" accessor="out">
      <Field name="DropdownItems" description="Dropdown Items" collection="true">
        <Fields>
          <Field name="id" description="id">
            <Properties>
              <Property>
                <Name>Type</Name>
                <Value>VarChar</Value>
              </Property>
              <Property>
                <Name>Length</Name>
                <Value>100</Value>
              </Property>
            </Properties>
          </Field>
          <Field name="title" description="title">
            <Properties>
              <Property>
                <Name>Type</Name>
                <Value>VarChar</Value>
              </Property>
              <Property>
                <Name>Length</Name>
                <Value>100</Value>
              </Property>
            </Properties>
          </Field>
          <Field name="icon" description="Item Icon">
            <Properties>
              <Property>
                <Name>Type</Name>
                <Value>VarChar</Value>
              </Property>
              <Property>
                <Name>Length</Name>
                <Value>1000</Value>
              </Property>
            </Properties>
          </Field>
          <Field name="alternativeText" description="alternative Text">
            <Properties>
              <Property>
                <Name>Type</Name>
                <Value>VarChar</Value>
              </Property>
              <Property>
                <Name>Length</Name>
                <Value>200</Value>
              </Property>
            </Properties>
          </Field>
          <Field name="link" description="link">
            <Properties>
              <Property>
                <Name>Type</Name>
                <Value>VarChar</Value>
              </Property>
              <Property>
                <Name>Length</Name>
                <Value>1000</Value>
              </Property>
            </Properties>
          </Field>
        </Fields>
      </Field>
    </Parameter>
  </Signature>
</CallableObject>